{
  "grid": [
    64,
    64
  ],
  "trials": 128,
  "probabilities": [
    0.49,
    0.51
  ],
  "reports": [
    {
      "probability": 0.49,
      "schedule": {
        "schedule": "majority_only_moore_256",
        "grid": "64x64",
        "trials": 128,
        "tied_initial_states": 1,
        "effective_trials": 127,
        "preprocess_steps": 0,
        "final_steps": 256,
        "local_majority_agreement": 0.5275129183070866,
        "local_density_variance": 0.02780851162970066,
        "final_majority_accuracy": 0.9212598425196851,
        "final_consensus_accuracy": 0.0,
        "final_consensus_rate": 0.0,
        "mean_final_density": 0.4439716339111328
      }
    },
    {
      "probability": 0.49,
      "schedule": {
        "schedule": "eq_029b0_8_then_majority_moore_8_x16",
        "grid": "64x64",
        "trials": 128,
        "tied_initial_states": 1,
        "effective_trials": 127,
        "preprocess_steps": 248,
        "final_steps": 8,
        "local_majority_agreement": 0.87354476808563,
        "local_density_variance": 0.017186781391501427,
        "final_majority_accuracy": 0.8661417322834646,
        "final_consensus_accuracy": 0.7165354330708661,
        "final_consensus_rate": 0.7559055118110236,
        "mean_final_density": 0.1553020477294922
      }
    },
    {
      "probability": 0.49,
      "schedule": {
        "schedule": "eq_029b0_8_then_majority_vn_8_x16",
        "grid": "64x64",
        "trials": 128,
        "tied_initial_states": 1,
        "effective_trials": 127,
        "preprocess_steps": 248,
        "final_steps": 8,
        "local_majority_agreement": 0.8708572988435039,
        "local_density_variance": 0.019824601709842682,
        "final_majority_accuracy": 0.84251968503937,
        "final_consensus_accuracy": 0.7637795275590551,
        "final_consensus_rate": 0.7795275590551181,
        "mean_final_density": 0.19384384155273438
      }
    },
    {
      "probability": 0.49,
      "schedule": {
        "schedule": "eq_812b7_8_then_majority_moore_8_x16",
        "grid": "64x64",
        "trials": 128,
        "tied_initial_states": 1,
        "effective_trials": 127,
        "preprocess_steps": 248,
        "final_steps": 8,
        "local_majority_agreement": 0.7902005413385826,
        "local_density_variance": 0.016339965164661407,
        "final_majority_accuracy": 0.7874015748031497,
        "final_consensus_accuracy": 0.6299212598425197,
        "final_consensus_rate": 0.7637795275590551,
        "mean_final_density": 0.25337982177734375
      }
    },
    {
      "probability": 0.49,
      "schedule": {
        "schedule": "eq_812b7_8_then_majority_vn_8_x16",
        "grid": "64x64",
        "trials": 128,
        "tied_initial_states": 1,
        "effective_trials": 127,
        "preprocess_steps": 248,
        "final_steps": 8,
        "local_majority_agreement": 0.8186823326771654,
        "local_density_variance": 0.008768363855779171,
        "final_majority_accuracy": 0.8110236220472441,
        "final_consensus_accuracy": 0.7716535433070866,
        "final_consensus_rate": 0.8503937007874016,
        "mean_final_density": 0.20407867431640625
      }
    },
    {
      "probability": 0.49,
      "schedule": {
        "schedule": "eq_29154_8_then_majority_moore_8_x16",
        "grid": "64x64",
        "trials": 128,
        "tied_initial_states": 1,
        "effective_trials": 127,
        "preprocess_steps": 248,
        "final_steps": 8,
        "local_majority_agreement": 0.8776644008366141,
        "local_density_variance": 0.045848604291677475,
        "final_majority_accuracy": 0.952755905511811,
        "final_consensus_accuracy": 0.6614173228346457,
        "final_consensus_rate": 0.6614173228346457,
        "mean_final_density": 0.15665626525878906
      }
    },
    {
      "probability": 0.51,
      "schedule": {
        "schedule": "majority_only_moore_256",
        "grid": "64x64",
        "trials": 128,
        "tied_initial_states": 0,
        "effective_trials": 128,
        "preprocess_steps": 0,
        "final_steps": 256,
        "local_majority_agreement": 0.5256748199462891,
        "local_density_variance": 0.02783275581896305,
        "final_majority_accuracy": 0.9140625,
        "final_consensus_accuracy": 0.0,
        "final_consensus_rate": 0.0,
        "mean_final_density": 0.5551128387451172
      }
    },
    {
      "probability": 0.51,
      "schedule": {
        "schedule": "eq_029b0_8_then_majority_moore_8_x16",
        "grid": "64x64",
        "trials": 128,
        "tied_initial_states": 0,
        "effective_trials": 128,
        "preprocess_steps": 248,
        "final_steps": 8,
        "local_majority_agreement": 0.8796634674072266,
        "local_density_variance": 0.01725408062338829,
        "final_majority_accuracy": 0.8671875,
        "final_consensus_accuracy": 0.78125,
        "final_consensus_rate": 0.8125,
        "mean_final_density": 0.8789405822753906
      }
    },
    {
      "probability": 0.51,
      "schedule": {
        "schedule": "eq_029b0_8_then_majority_vn_8_x16",
        "grid": "64x64",
        "trials": 128,
        "tied_initial_states": 0,
        "effective_trials": 128,
        "preprocess_steps": 248,
        "final_steps": 8,
        "local_majority_agreement": 0.8375053405761719,
        "local_density_variance": 0.018995819613337517,
        "final_majority_accuracy": 0.828125,
        "final_consensus_accuracy": 0.71875,
        "final_consensus_rate": 0.7734375,
        "mean_final_density": 0.8498134613037109
      }
    },
    {
      "probability": 0.51,
      "schedule": {
        "schedule": "eq_812b7_8_then_majority_moore_8_x16",
        "grid": "64x64",
        "trials": 128,
        "tied_initial_states": 0,
        "effective_trials": 128,
        "preprocess_steps": 248,
        "final_steps": 8,
        "local_majority_agreement": 0.9377727508544922,
        "local_density_variance": 0.005858023650944233,
        "final_majority_accuracy": 0.9375,
        "final_consensus_accuracy": 0.890625,
        "final_consensus_rate": 0.921875,
        "mean_final_density": 0.9173526763916016
      }
    },
    {
      "probability": 0.51,
      "schedule": {
        "schedule": "eq_812b7_8_then_majority_vn_8_x16",
        "grid": "64x64",
        "trials": 128,
        "tied_initial_states": 0,
        "effective_trials": 128,
        "preprocess_steps": 248,
        "final_steps": 8,
        "local_majority_agreement": 0.8957462310791016,
        "local_density_variance": 0.005476393736898899,
        "final_majority_accuracy": 0.890625,
        "final_consensus_accuracy": 0.859375,
        "final_consensus_rate": 0.890625,
        "mean_final_density": 0.8665199279785156
      }
    },
    {
      "probability": 0.51,
      "schedule": {
        "schedule": "eq_29154_8_then_majority_moore_8_x16",
        "grid": "64x64",
        "trials": 128,
        "tied_initial_states": 0,
        "effective_trials": 128,
        "preprocess_steps": 248,
        "final_steps": 8,
        "local_majority_agreement": 0.84100341796875,
        "local_density_variance": 0.0566570870578289,
        "final_majority_accuracy": 0.8984375,
        "final_consensus_accuracy": 0.5703125,
        "final_consensus_rate": 0.5703125,
        "mean_final_density": 0.8140354156494141
      }
    }
  ]
}